business,final_rating
Herizon.io,100.0
TweetSphere,94.05451963289082
HigherEd.Tech,93.28719776388466
ConversAI,92.92907560921311
GameDevGPT,91.16291147305394
smarterhometechnology,89.70014878997998
Astronomik,89.10525533990794
ChatCode_Tutor,86.71882360294376
SpeakSphere,85.65362129364412
Let_AI_Try,83.53412922500384
Neon_Lights,80.88222465469445
SuperDroid_Robots,80.69336157819987
Pitch_Architect,80.65164216989865
EcoSoberBrews,80.56247092464915
Vulnerable_Targets,79.50744942475053
Grow_Wise,79.23525528712048
HarmonAIze_Project,76.63095639932403
upskillgpt,76.37877339319894
InterTwined_Being_Consulting,76.18770089931864
Iris_AI,74.76548660100151
FitnessGPT,70.28899782197009
GPTbotwealth,70.23502088044415
Restimuli,66.96300481341684
Anywhere_Hub,66.71585886196827
UNSubscribe,66.43612534077553
Atlas_Adventures,66.25289002722005
Dungeon_AI,66.08392071794225
FitGPT,65.37031469346462
EndeavorDAO,65.28312485128512
SylvanStride,64.16234296629814
Prodigy_Minds,63.906901825973236
The_AI_Chef,63.18897338096947
HappyBodyHub,61.87931018802997
Epochs_of_Pepe,58.69676920488266
FitLifeForge,58.083347774743444
Sustainable_Threads,56.595096831644675
Custom_Text-to-3DPrint_Service,55.783058331476234
TheAIGameMaker,54.297974236764425
AI_Unbound,51.9556076861238
tinynews.ai,51.61347198737411
Aidan_Virtuoso,50.832509693509394
Black_Gold_Beauty,50.769978282570236
myGPTsherpa,49.805992243466164
DearAIbby,48.814612688514906
The_Iron_Ager,45.60475094576006
Validate_OK,42.87972591719945
The_DevOps_Droid,42.66996492177168
Coolman,42.63940581604259
Second_Brain_OS,42.20946557414727
Automa,41.48204447708455
Sustainable_Chef,41.176996521208636
GPT-4_Mastery,39.847481890500525
Rave_Resource,37.36563091095313
VisionCraft_Productions,37.091260951965666
TruPetParent,37.022084996146646
Liang_Design,35.203842540178556
The_Coloring_Nook,16.697957353279598
OnEdge,13.39690207798313
Realtor's_Docs,0.0
